id,name,gender,dob,birthcountry,citizenship,status,reason for withdrawal
1,Cletus Blinde,Male,1/1/2010,Canada,srilankian,active,expensive
2,Rinaldo Carverhill,Male,1/1/2010,Canada,indian,withdrawn,expensive
3,Bobine Beddoes,Female,1/1/2010,Canada,canadian,active,expensive
4,Otto Leven,Male,1/1/2010,Canada,singaporean,deferred,academically unprepared
5,Juline Olenchenko,Female,1/1/2010,Canada,srilankian,active,expensive
6,Jeremiah Blaik,Male,1/1/2010,Canada,singaporean,withdrawn,academically unprepared
7,Garwood Sexton,Male,1/1/2010,Sri Lanka,indian,deferred,homesick
8,Abbye Rany,Female,1/1/2010,Canada,canadian,deferred,academically unprepared
9,Xenos Chidgey,Male,1/1/2010,Canada,indian,withdrawn,academically unprepared
10,Isac Howitt,Male,1/1/2010,Sri Lanka,canadian,deferred,homesick
11,Lennie Pettingill,Male,1/1/2010,Sri Lanka,singaporean,active,academically unprepared
12,Debora Zylberdik,Female,1/1/2010,Canada,singaporean,deferred,academically unprepared
13,Keane Vokins,Male,1/1/2010,Canada,singaporean,active,academically unprepared
14,Mommy Puden,Female,1/1/2010,Canada,srilankian,active,academically unprepared
15,Orelee Attenbrough,Female,1/1/2010,Canada,indian,deferred,expensive
16,Sylas Stowgill,Male,1/1/2010,Sri Lanka,singaporean,deferred,academically unprepared
17,Marlie Petre,Female,1/1/2010,Canada,singaporean,active,academically unprepared
18,Dannel Gerler,Male,1/1/2010,Canada,singaporean,withdrawn,homesick
19,Patrizius Wrightam,Male,1/1/2010,Canada,indian,active,homesick
20,Duane Himsworth,Male,1/1/2010,Canada,srilankian,active,homesick
21,Ulrike Vogl,Female,1/1/2010,Canada,srilankian,withdrawn,academically unprepared
22,Rusty Airth,Male,1/1/2010,Canada,canadian,withdrawn,expensive
23,Somerset Moncreif,Male,1/1/2010,Canada,singaporean,active,expensive
24,Liza McKenzie,Female,1/1/2010,Canada,canadian,deferred,homesick
25,Jamesy Geffcock,Male,1/1/2010,Canada,srilankian,withdrawn,expensive
26,Elliot Dwire,Male,1/1/2010,Canada,singaporean,deferred,academically unprepared
27,Felecia Borit,Female,1/1/2010,Canada,singaporean,withdrawn,expensive
28,Bentley Finney,Male,1/1/2010,Sri Lanka,srilankian,deferred,academically unprepared
29,Catherine Treweek,Female,1/1/2010,Canada,canadian,deferred,homesick
30,Glad Giacobazzi,Female,1/1/2010,Sri Lanka,srilankian,withdrawn,expensive
31,Kalvin People,Male,1/1/2010,Canada,indian,deferred,academically unprepared
32,Hyatt Seczyk,Male,1/1/2010,Canada,singaporean,deferred,academically unprepared
33,Aveline Auger,Female,1/1/2010,Canada,canadian,deferred,expensive
34,Mahmoud McRobb,Male,1/1/2010,Canada,indian,withdrawn,academically unprepared
35,Clarita Waterfield,Female,1/1/2010,Canada,canadian,active,homesick
36,Rickie Ware,Male,1/1/2010,Canada,srilankian,deferred,homesick
37,Hettie Burrell,Female,1/1/2010,Canada,singaporean,withdrawn,expensive
38,Alisa Ratazzi,Female,1/1/2010,Canada,srilankian,withdrawn,academically unprepared
39,Abdel Oret,Male,1/1/2010,Canada,singaporean,deferred,academically unprepared
40,Elsi Cattlemull,Female,1/1/2010,Canada,srilankian,withdrawn,expensive
41,Ramsay Deeley,Male,1/1/2010,Canada,srilankian,withdrawn,academically unprepared
42,Dukey Joan,Male,1/1/2010,Canada,srilankian,active,expensive
43,Amory Dwelley,Male,1/1/2010,Canada,indian,deferred,academically unprepared
44,Ferrel Dioniso,Male,1/1/2010,Canada,indian,deferred,academically unprepared
45,Saraann Escot,Female,1/1/2010,Sri Lanka,indian,active,homesick
46,Melisa Nijssen,Female,1/1/2010,Canada,srilankian,deferred,homesick
47,Shawn Seabert,Male,1/1/2010,Canada,singaporean,withdrawn,homesick
48,Pascal Fairey,Male,1/1/2010,Canada,singaporean,active,expensive
49,Frederich Buye,Male,1/1/2010,Canada,srilankian,deferred,academically unprepared
50,Susan Caulton,Female,1/1/2010,Sri Lanka,singaporean,active,homesick
51,Dominica Squibe,Female,1/1/2010,Canada,srilankian,deferred,academically unprepared
52,Phelia Kimbell,Female,1/1/2010,Canada,indian,withdrawn,academically unprepared
53,Dolorita Coniff,Female,1/1/2010,Canada,indian,deferred,academically unprepared
54,Levin Malletratt,Male,1/1/2010,Canada,srilankian,active,academically unprepared
55,Kirbie Honatsch,Female,1/1/2010,Canada,canadian,active,homesick
56,Caye Riehm,Female,1/1/2010,Canada,canadian,active,academically unprepared
57,Annelise Goodlip,Female,1/1/2010,Canada,srilankian,active,homesick
58,Giselle Cuffin,Female,1/1/2010,Canada,srilankian,active,homesick
59,Ash Teasdale,Male,1/1/2010,Canada,singaporean,deferred,expensive
60,Glynda Irdale,Female,1/1/2010,Canada,srilankian,deferred,academically unprepared
61,Elbertine McIlwreath,Female,1/1/2010,Canada,singaporean,deferred,homesick
62,Daniella Benfield,Female,1/1/2010,Canada,srilankian,deferred,expensive
63,Traver Mallatratt,Male,1/1/2010,Canada,indian,deferred,homesick
64,Alisander Alman,Male,1/1/2010,Sri Lanka,indian,active,academically unprepared
65,Glenine Delieu,Female,1/1/2010,Sri Lanka,indian,withdrawn,homesick
66,Nelle Franzonello,Female,1/1/2010,Sri Lanka,singaporean,withdrawn,expensive
67,Wye Verryan,Male,1/1/2010,Canada,singaporean,deferred,homesick
68,Nonnah Esposita,Female,1/1/2010,Canada,indian,deferred,academically unprepared
69,Hewett Brigge,Male,1/1/2010,Canada,canadian,withdrawn,academically unprepared
70,Hasheem Keller,Male,1/1/2010,Canada,srilankian,withdrawn,homesick
71,Piotr Kubczak,Male,1/1/2010,Canada,srilankian,deferred,expensive
72,Harv Nutter,Male,1/1/2010,Canada,srilankian,active,academically unprepared
73,Maiga Bohlens,Female,1/1/2010,Canada,srilankian,active,academically unprepared
74,Frederich Swires,Male,1/1/2010,Canada,canadian,active,academically unprepared
75,El Lyles,Male,1/1/2010,Canada,srilankian,withdrawn,homesick
76,Karly Fakeley,Female,1/1/2010,Canada,singaporean,withdrawn,expensive
77,Cherin Asling,Female,1/1/2010,Canada,indian,withdrawn,expensive
78,Nerti Vedyasov,Female,1/1/2010,Canada,indian,active,homesick
79,Aaren Meric,Female,1/1/2010,Canada,srilankian,withdrawn,expensive
80,Hussein Dack,Male,1/1/2010,Canada,srilankian,withdrawn,homesick
81,Minetta Siney,Female,1/1/2010,Sri Lanka,indian,withdrawn,homesick
82,Traci Metzig,Female,1/1/2010,Sri Lanka,indian,withdrawn,academically unprepared
83,Kaylyn O' Meara,Female,1/1/2010,Sri Lanka,srilankian,active,expensive
84,Allene Thumim,Female,1/1/2010,Canada,singaporean,deferred,expensive
85,Daphna Wickett,Female,1/1/2010,Canada,canadian,deferred,academically unprepared
86,Correna Hillock,Female,1/1/2010,Canada,indian,active,academically unprepared
87,Jessee Gargett,Male,1/1/2010,Canada,singaporean,active,homesick
88,Toinette Scorah,Female,1/1/2010,Canada,indian,active,homesick
89,Kingston Ping,Male,1/1/2010,Canada,canadian,active,homesick
90,Ronny Cranke,Male,1/1/2010,Canada,singaporean,deferred,academically unprepared
91,Justine Mallock,Female,1/1/2010,Canada,singaporean,withdrawn,expensive
92,Ophelia Elt,Female,1/1/2010,Canada,canadian,withdrawn,academically unprepared
93,Goddard Lafond,Male,1/1/2010,Canada,srilankian,withdrawn,expensive
94,Lee Swayne,Male,1/1/2010,Sri Lanka,srilankian,deferred,academically unprepared
95,Hollis Hoffmann,Male,1/1/2010,Canada,srilankian,active,homesick
96,Domenico Gives,Male,1/1/2010,Canada,canadian,deferred,expensive
97,Ignatius Towle,Male,1/1/2010,Canada,canadian,withdrawn,academically unprepared
98,Casandra Gilpillan,Female,1/1/2010,Sri Lanka,srilankian,deferred,homesick
99,Jesselyn Paddingdon,Female,1/1/2010,Canada,singaporean,deferred,expensive
100,Gaelan Kerkham,Male,1/1/2010,Canada,singaporean,active,expensive
101,Margy O'Skehan,Female,1/1/2010,Canada,canadian,active,academically unprepared
102,Emeline Fitchen,Female,1/1/2010,Canada,indian,withdrawn,homesick
103,Marcus Trenbay,Male,1/1/2010,Canada,indian,withdrawn,homesick
104,Hiram Hebbs,Male,1/1/2010,Canada,canadian,deferred,academically unprepared
105,Allyson Heistermann,Female,1/1/2010,Canada,indian,deferred,homesick
106,Tove Curado,Female,1/1/2010,Canada,singaporean,deferred,homesick
107,Nettie Bech,Female,1/1/2010,Sri Lanka,srilankian,active,academically unprepared
108,Fanni Dagless,Female,1/1/2010,Sri Lanka,indian,withdrawn,academically unprepared
109,Norman Orsay,Male,1/1/2010,Sri Lanka,canadian,deferred,expensive
110,Anderea Bhar,Female,1/1/2010,Canada,singaporean,withdrawn,academically unprepared
111,Mandy Everington,Female,1/1/2010,Canada,canadian,deferred,academically unprepared
112,Husain Gencke,Male,1/1/2010,Canada,indian,active,academically unprepared
113,Bronnie Brundale,Male,1/1/2010,Canada,canadian,withdrawn,academically unprepared
114,Valdemar Kleehuhler,Male,1/1/2010,Canada,srilankian,withdrawn,academically unprepared
115,Sophronia Willishire,Female,1/1/2010,Canada,canadian,deferred,expensive
116,Elizabet Blainey,Female,1/1/2010,Canada,indian,withdrawn,academically unprepared
117,Thaxter Gowans,Male,1/1/2010,Canada,srilankian,withdrawn,academically unprepared
118,Juliann Deaconson,Female,1/1/2010,Canada,singaporean,active,expensive
119,Alvan Wreight,Male,1/1/2010,Canada,indian,withdrawn,homesick
120,Lizette Dukelow,Female,1/1/2010,Canada,canadian,deferred,academically unprepared
121,Carmelle Menelaws,Female,1/1/2010,Canada,singaporean,deferred,expensive
122,Bianca Beddow,Female,1/1/2010,Canada,singaporean,deferred,expensive
123,Chalmers Todman,Male,1/1/2010,Canada,singaporean,withdrawn,homesick
124,Fionna Tonna,Female,1/1/2010,Canada,canadian,withdrawn,academically unprepared
125,Joann Pollie,Female,1/1/2010,Canada,srilankian,withdrawn,homesick
126,Gillian Bethell,Female,1/1/2010,Canada,srilankian,withdrawn,homesick
127,Christiane Ville,Female,1/1/2010,Canada,singaporean,withdrawn,homesick
128,Issy Farenden,Female,1/1/2010,Canada,srilankian,withdrawn,expensive
129,Terry Binion,Male,1/1/2010,Canada,canadian,active,academically unprepared
130,Clyve McKleod,Male,1/1/2010,Sri Lanka,indian,withdrawn,academically unprepared
131,Obadias Reddings,Male,1/1/2010,Canada,indian,withdrawn,academically unprepared
132,Gwendolyn Sandon,Female,1/1/2010,Canada,indian,active,homesick
133,Cassondra Borthram,Female,1/1/2010,Canada,indian,deferred,academically unprepared
134,Gwen Beckmann,Female,1/1/2010,Canada,srilankian,deferred,expensive
135,Dennis Westrey,Male,1/1/2010,Canada,singaporean,withdrawn,expensive
136,Hillard Butler-Bowdon,Male,1/1/2010,Canada,srilankian,active,academically unprepared
137,Shirlene Danby,Female,1/1/2010,Sri Lanka,canadian,active,expensive
138,Betta Hathwood,Female,1/1/2010,Canada,indian,deferred,academically unprepared
139,Eleanor Zanotti,Female,1/1/2010,Canada,srilankian,withdrawn,academically unprepared
140,Alasteir Fleeman,Male,1/1/2010,Sri Lanka,singaporean,withdrawn,expensive
141,Jacques Simonds,Male,1/1/2010,Canada,singaporean,withdrawn,homesick
142,Sharai Eley,Female,1/1/2010,Canada,canadian,deferred,academically unprepared
143,Stephannie Marcroft,Female,1/1/2010,Canada,indian,deferred,academically unprepared
144,Napoleon Bransdon,Male,1/1/2010,Canada,indian,active,academically unprepared
145,Edouard Teggin,Male,1/1/2010,Canada,srilankian,active,academically unprepared
146,Crissie Corking,Female,1/1/2010,Sri Lanka,indian,withdrawn,homesick
147,Denni Atlay,Female,1/1/2010,Canada,indian,active,academically unprepared
148,Garv Ridolfi,Male,1/1/2010,Canada,canadian,withdrawn,expensive
149,Stavro Latek,Male,1/1/2010,Sri Lanka,singaporean,active,homesick
150,Leigh Pilcher,Female,1/1/2010,Canada,srilankian,active,academically unprepared
151,Katherine Shipston,Female,1/1/2010,Canada,indian,active,expensive
152,Ravid Mouland,Male,1/1/2010,Canada,srilankian,withdrawn,homesick
153,Rivalee Lebarree,Female,1/1/2010,Sri Lanka,canadian,active,academically unprepared
154,Barnaby Middlewick,Male,1/1/2010,Canada,indian,active,expensive
155,Shelley Garbott,Female,1/1/2010,Canada,indian,active,academically unprepared
156,Jack De Hooch,Male,1/1/2010,Canada,indian,deferred,academically unprepared
157,Perri Hungerford,Female,1/1/2010,Canada,singaporean,withdrawn,expensive
158,Jessica Ashforth,Female,1/1/2010,Canada,indian,withdrawn,academically unprepared
159,Ali Geroldo,Male,1/1/2010,Canada,singaporean,active,homesick
160,Merle Sertin,Male,1/1/2010,Canada,canadian,active,homesick
161,Stefania Weond,Female,1/1/2010,Canada,indian,active,expensive
162,Terri Dandison,Male,1/1/2010,Canada,singaporean,withdrawn,academically unprepared
163,Carmine McKenny,Male,1/1/2010,Canada,singaporean,active,expensive
164,Gretel Greetland,Female,1/1/2010,Canada,singaporean,active,academically unprepared
165,Adriano Figures,Male,1/1/2010,Canada,indian,active,expensive
166,Jobyna Sailor,Female,1/1/2010,Canada,canadian,active,homesick
167,Christin Tole,Female,1/1/2010,Canada,canadian,withdrawn,homesick
168,Joana De Vile,Female,1/1/2010,Canada,srilankian,active,homesick
169,Walton Housin,Male,1/1/2010,Canada,srilankian,deferred,expensive
170,Chloe Janas,Female,1/1/2010,Canada,canadian,deferred,homesick
171,Torie Plain,Female,1/1/2010,Canada,canadian,withdrawn,homesick
172,Aurelea Sidary,Female,1/1/2010,Sri Lanka,canadian,deferred,academically unprepared
173,Care Branford,Male,1/1/2010,Canada,srilankian,withdrawn,homesick
174,Kate Dewhirst,Female,1/1/2010,Canada,singaporean,deferred,expensive
175,Dahlia Fassum,Female,1/1/2010,Canada,canadian,active,academically unprepared
176,Lars Cradick,Male,1/1/2010,Canada,srilankian,withdrawn,academically unprepared
177,Muffin Ayshford,Female,1/1/2010,Canada,canadian,active,homesick
178,Malcolm Kauscher,Male,1/1/2010,Canada,singaporean,deferred,academically unprepared
179,Reidar Pilling,Male,1/1/2010,Sri Lanka,indian,deferred,expensive
180,Ceciley Farnin,Female,1/1/2010,Canada,indian,withdrawn,expensive
181,Barnebas Footer,Male,1/1/2010,Canada,srilankian,deferred,homesick
182,Anna Fontaine,Female,1/1/2010,Sri Lanka,singaporean,deferred,expensive
183,Collie Langsdon,Female,1/1/2010,Canada,canadian,active,academically unprepared
184,Sigmund Aslum,Male,1/1/2010,Canada,canadian,withdrawn,homesick
185,Filmer Jira,Male,1/1/2010,Canada,singaporean,withdrawn,homesick
186,Kerrin Januszewicz,Female,1/1/2010,Canada,srilankian,active,academically unprepared
187,Kyle Cattermull,Female,1/1/2010,Canada,canadian,deferred,homesick
188,Ferris Spurriar,Male,1/1/2010,Canada,canadian,deferred,homesick
189,Amandi Gillon,Female,1/1/2010,Canada,singaporean,withdrawn,academically unprepared
190,Lorelle Ireland,Female,1/1/2010,Canada,canadian,active,academically unprepared
191,Alan Scarr,Male,1/1/2010,Canada,indian,deferred,expensive
192,Helge Ballchin,Female,1/1/2010,Canada,indian,active,expensive
193,Rollo Tatnell,Male,1/1/2010,Canada,singaporean,deferred,homesick
194,Jarrid Samways,Male,1/1/2010,Canada,indian,withdrawn,academically unprepared
195,Miriam Hartnell,Female,1/1/2010,Canada,srilankian,deferred,academically unprepared
196,Gaylord Slixby,Male,1/1/2010,India,canadian,deferred,expensive
197,Ruby Whyte,Male,1/1/2010,Canada,indian,deferred,academically unprepared
198,Sile Musprat,Female,1/1/2010,Canada,singaporean,deferred,homesick
199,Cortie O'Hollegan,Male,1/1/2010,Canada,singaporean,active,expensive
200,Dilly Uzzell,Male,1/1/2010,Canada,srilankian,active,academically unprepared
201,Herminia Midlar,Female,1/1/2010,Sri Lanka,canadian,deferred,homesick
202,Kasper Skep,Male,1/1/2010,Canada,srilankian,active,academically unprepared
203,Elfie Hecks,Female,1/1/2010,Canada,canadian,withdrawn,homesick
204,Shena Rilton,Female,1/1/2010,India,singaporean,deferred,expensive
205,Shanan Culkin,Male,1/1/2010,Canada,indian,withdrawn,expensive
206,Lynne Spread,Female,1/1/2010,Canada,singaporean,active,expensive
207,Silva Petyt,Female,1/1/2010,Canada,canadian,withdrawn,homesick
208,Neal Eldrett,Male,1/1/2010,Canada,indian,deferred,academically unprepared
209,Fielding Pleasants,Male,1/1/2010,Canada,srilankian,active,homesick
210,Melisse Tamblingson,Female,1/1/2010,Canada,singaporean,active,homesick
211,Dorrie Hollow,Female,1/1/2010,Canada,indian,deferred,homesick
212,Addie Hartmann,Male,1/1/2010,Canada,singaporean,withdrawn,expensive
213,Brendon Conklin,Male,1/1/2010,Canada,singaporean,withdrawn,academically unprepared
214,Gar Trood,Male,1/1/2010,Canada,singaporean,deferred,homesick
215,Tanya Richemond,Female,1/1/2010,Sri Lanka,canadian,withdrawn,expensive
216,Merrel Caneo,Male,1/1/2010,Canada,canadian,active,expensive
217,Irene Abramof,Female,1/1/2010,Canada,singaporean,active,academically unprepared
218,Flint Flaunier,Male,1/1/2010,Canada,indian,deferred,homesick
219,Waiter Tootal,Male,1/1/2010,Canada,singaporean,deferred,academically unprepared
220,Paola Binge,Female,1/1/2010,Canada,singaporean,withdrawn,expensive
221,Kasey Ventris,Female,1/1/2010,Canada,indian,withdrawn,homesick
222,Harlin McKenna,Male,1/1/2010,Canada,singaporean,withdrawn,academically unprepared
223,Reeva Hastings,Female,1/1/2010,Canada,indian,withdrawn,expensive
224,Kellen Tacey,Male,1/1/2010,Canada,indian,deferred,academically unprepared
225,Kristan Tolputt,Female,1/1/2010,Canada,indian,deferred,expensive
226,Andee Mandrey,Female,1/1/2010,Sri Lanka,indian,active,homesick
227,Lonni Hutchins,Female,1/1/2010,Canada,canadian,deferred,expensive
228,Rosabelle Palfrey,Female,1/1/2010,Canada,canadian,active,academically unprepared
229,Derward Ife,Male,1/1/2010,Canada,canadian,active,expensive
230,Stephi Scarff,Female,1/1/2010,Canada,indian,active,expensive
231,Dulcia McNirlin,Female,1/1/2010,Canada,canadian,deferred,academically unprepared
232,Jameson Kabisch,Male,1/1/2010,Canada,singaporean,deferred,expensive
233,Leshia Chaperling,Female,1/1/2010,Canada,srilankian,deferred,expensive
234,Adam Depper,Male,1/1/2010,Canada,singaporean,deferred,academically unprepared
235,Algernon Gurrado,Male,1/1/2010,Canada,canadian,deferred,academically unprepared
236,Carl Fallanche,Male,1/1/2010,Canada,canadian,deferred,expensive
237,Thane Garnsworth,Male,1/1/2010,Canada,singaporean,deferred,expensive
238,Ermin Belk,Male,1/1/2010,Canada,singaporean,withdrawn,expensive
239,Nikoletta Spradbrow,Female,1/1/2010,Canada,singaporean,deferred,expensive
240,April Bratch,Female,1/1/2010,Canada,singaporean,deferred,homesick
241,Pen Macari,Male,1/1/2010,Sri Lanka,indian,deferred,expensive
242,Neron McGrath,Male,1/1/2010,Canada,indian,withdrawn,academically unprepared
243,Berkly Glison,Male,1/1/2010,Canada,indian,active,expensive
244,Debora Breton,Female,1/1/2010,Sri Lanka,indian,active,expensive
245,Ariel McWhannel,Male,1/1/2010,Sri Lanka,srilankian,active,expensive
246,Blair McLorinan,Female,1/1/2010,Canada,indian,deferred,homesick
247,Mord Whitney,Male,1/1/2010,Canada,indian,withdrawn,academically unprepared
248,Verine Wrack,Female,1/1/2010,Canada,singaporean,deferred,homesick
249,Kaleena Kester,Female,1/1/2010,Sri Lanka,srilankian,deferred,expensive
250,Ced Caso,Male,1/1/2010,Canada,srilankian,active,expensive
251,Rodina Schriren,Female,1/1/2010,Canada,canadian,withdrawn,expensive
252,Rolland Batham,Male,1/1/2010,Sri Lanka,singaporean,withdrawn,expensive
253,Godfrey Cottel,Male,1/1/2010,Canada,canadian,active,academically unprepared
254,Parke Bettison,Male,1/1/2010,Canada,indian,deferred,academically unprepared
255,Nariko Sill,Female,1/1/2010,Canada,singaporean,active,homesick
256,Jermaine Mousley,Male,1/1/2010,Canada,canadian,withdrawn,expensive
257,Betta Crooke,Female,1/1/2010,Canada,singaporean,withdrawn,expensive
258,Jessalyn Satch,Female,1/1/2010,Canada,singaporean,active,homesick
259,Shane Wicher,Male,1/1/2010,Canada,canadian,active,academically unprepared
260,Kathe Provis,Female,1/1/2010,Canada,srilankian,withdrawn,academically unprepared
261,Pearce Eager,Male,1/1/2010,Canada,srilankian,withdrawn,homesick
262,Othilia Zecchetti,Female,1/1/2010,Canada,singaporean,withdrawn,expensive
263,Anastasia Trowill,Female,1/1/2010,Canada,srilankian,active,expensive
264,Jorgan Bittlestone,Male,1/1/2010,Canada,canadian,withdrawn,expensive
265,Tann Polendine,Male,1/1/2010,Canada,srilankian,active,homesick
266,Georgi Morden,Male,1/1/2010,Canada,srilankian,active,homesick
267,Brandon Lindenberg,Male,1/1/2010,Canada,indian,active,academically unprepared
268,Stavros Bouch,Male,1/1/2010,Canada,singaporean,deferred,academically unprepared
269,Elinore Drysdell,Female,1/1/2010,Canada,srilankian,withdrawn,expensive
270,Esma Durnall,Female,1/1/2010,Canada,srilankian,deferred,academically unprepared
271,Nanette Gouthier,Female,1/1/2010,Canada,canadian,deferred,academically unprepared
272,Joanie Rivel,Female,1/1/2010,Canada,singaporean,deferred,expensive
273,Rodney Simmonite,Male,1/1/2010,Canada,srilankian,deferred,expensive
274,Pepillo Caig,Male,1/1/2010,Canada,srilankian,active,academically unprepared
275,Tabbatha Heasly,Female,1/1/2010,Sri Lanka,singaporean,active,homesick
276,Shurlocke Balazin,Male,1/1/2010,Canada,srilankian,withdrawn,homesick
277,Burty Whyatt,Male,1/1/2010,Sri Lanka,canadian,active,homesick
278,Malissa Rooper,Female,1/1/2010,Canada,canadian,deferred,academically unprepared
279,Dasi Hartlebury,Female,1/1/2010,Canada,singaporean,withdrawn,homesick
280,Ram Stealfox,Male,1/1/2010,Canada,canadian,withdrawn,homesick
281,Reynolds Merioth,Male,1/1/2010,Canada,singaporean,active,homesick
282,Fred Trengrove,Female,1/1/2010,Canada,canadian,withdrawn,expensive
283,Von Blumire,Male,1/1/2010,Canada,singaporean,active,academically unprepared
284,Quinn Barck,Male,1/1/2010,Canada,indian,active,expensive
285,Jereme Egre,Male,1/1/2010,Sri Lanka,canadian,deferred,expensive
286,Emilee Cool,Female,1/1/2010,Canada,singaporean,deferred,homesick
287,Marin Caitlin,Female,1/1/2010,Canada,srilankian,active,expensive
288,Sephira Cudde,Female,1/1/2010,Canada,canadian,active,expensive
289,Curcio Harragin,Male,1/1/2010,Canada,srilankian,active,homesick
290,Claudius Godbold,Male,1/1/2010,Sri Lanka,singaporean,withdrawn,academically unprepared
291,Irwin Nunnerley,Male,1/1/2010,Canada,canadian,deferred,homesick
292,Charles Duell,Male,1/1/2010,Canada,indian,withdrawn,homesick
293,Lindsay Lamberti,Male,1/1/2010,Canada,singaporean,withdrawn,homesick
294,Devondra Bulfield,Female,1/1/2010,Canada,singaporean,active,academically unprepared
295,Hobey Richardet,Male,1/1/2010,Canada,indian,active,expensive
296,Tabbatha Bagshawe,Female,1/1/2010,India,indian,deferred,academically unprepared
297,Hillary Abrami,Male,1/1/2010,Canada,singaporean,withdrawn,expensive
298,Virgie Cadell,Male,1/1/2010,Canada,singaporean,withdrawn,academically unprepared
299,Lise Averies,Female,1/1/2010,Canada,srilankian,active,academically unprepared
300,Clemmy Berling,Male,1/1/2010,Canada,canadian,active,academically unprepared
301,Cameron McGorley,Male,1/1/2010,Canada,srilankian,withdrawn,homesick
302,Braden Tackle,Male,1/1/2010,Canada,canadian,deferred,academically unprepared
303,Tuesday Embury,Female,1/1/2010,Canada,singaporean,deferred,expensive
304,Erny Donavan,Male,1/1/2010,Canada,canadian,withdrawn,homesick
305,Florina Cotman,Female,1/1/2010,Canada,indian,active,academically unprepared
306,Lorianne Crinson,Female,1/1/2010,Canada,srilankian,deferred,expensive
307,Che Stonall,Male,1/1/2010,Sri Lanka,srilankian,active,homesick
308,Georgetta Wallege,Female,1/1/2010,Canada,canadian,deferred,homesick
309,Sigrid Halbeard,Female,1/1/2010,Canada,singaporean,active,homesick
310,Adeline Maydwell,Female,1/1/2010,Sri Lanka,indian,withdrawn,academically unprepared
311,Dun Weed,Male,1/1/2010,Canada,srilankian,active,academically unprepared
312,Gretna Bryning,Female,1/1/2010,Canada,srilankian,withdrawn,homesick
313,Bronson Heinsen,Male,1/1/2010,Canada,indian,withdrawn,homesick
314,Bernita Sclater,Female,1/1/2010,Canada,srilankian,active,homesick
315,Zack Brockie,Male,1/1/2010,Canada,indian,deferred,homesick
316,Ruby Harvie,Male,1/1/2010,Canada,singaporean,active,homesick
317,Brennen Banford,Male,1/1/2010,Canada,indian,deferred,homesick
318,Tera Taleworth,Female,1/1/2010,Canada,indian,active,expensive
319,Parsifal Whitehall,Male,1/1/2010,Canada,canadian,deferred,homesick
320,Wynne Branchflower,Female,1/1/2010,Canada,singaporean,deferred,academically unprepared
321,Shellysheldon Thomasson,Male,1/1/2010,Canada,indian,deferred,homesick
322,Malinde Sandbatch,Female,1/1/2010,Sri Lanka,canadian,active,academically unprepared
323,Rurik O'Hegertie,Male,1/1/2010,Canada,indian,active,homesick
324,Tomaso Wilce,Male,1/1/2010,Canada,canadian,deferred,expensive
325,Wenonah Goodrich,Female,1/1/2010,Canada,srilankian,active,expensive
326,Saxon Duferie,Male,1/1/2010,Canada,canadian,deferred,academically unprepared
327,Zak Greenhowe,Male,1/1/2010,Canada,canadian,active,homesick
328,Mollee Warfield,Female,1/1/2010,Canada,indian,deferred,academically unprepared
329,Deerdre Delea,Female,1/1/2010,Canada,indian,active,expensive
330,Olenka Cheyney,Female,1/1/2010,Canada,srilankian,active,academically unprepared
331,Donella Lots,Female,1/1/2010,Canada,indian,deferred,expensive
332,Bryna MacGorley,Female,1/1/2010,Canada,indian,active,homesick
333,Hadlee Brawley,Male,1/1/2010,Sri Lanka,indian,withdrawn,expensive
334,Giulio West-Frimley,Male,1/1/2010,Sri Lanka,indian,active,academically unprepared
335,Tynan Pickthorne,Male,1/1/2010,Canada,singaporean,deferred,academically unprepared
336,Emeline Preon,Female,1/1/2010,Canada,srilankian,withdrawn,academically unprepared
337,Truman Dobeson,Male,1/1/2010,Canada,canadian,withdrawn,academically unprepared
338,Alejandro Irvin,Male,1/1/2010,Canada,indian,withdrawn,academically unprepared
339,Quent Hickford,Male,1/1/2010,Canada,indian,active,homesick
340,Sherilyn Lasham,Female,1/1/2010,Canada,srilankian,withdrawn,expensive
341,Dael Trayton,Male,1/1/2010,Canada,indian,active,academically unprepared
342,Henka Wallentin,Female,1/1/2010,Canada,singaporean,deferred,homesick
343,Shina Yellowlee,Female,1/1/2010,Canada,srilankian,active,academically unprepared
344,Sile Kynson,Female,1/1/2010,Canada,singaporean,deferred,expensive
345,Allard Spreckley,Male,1/1/2010,Canada,singaporean,withdrawn,expensive
346,Osbert McGruar,Male,1/1/2010,Sri Lanka,srilankian,deferred,academically unprepared
347,Perri Sturte,Female,1/1/2010,Canada,singaporean,active,expensive
348,Alvy Sanzio,Male,1/1/2010,Canada,singaporean,active,academically unprepared
349,Laird Immings,Male,1/1/2010,Canada,srilankian,withdrawn,academically unprepared
350,Mil Pressey,Female,1/1/2010,Canada,indian,deferred,academically unprepared
351,Marcello Karolczyk,Male,1/1/2010,Canada,indian,deferred,homesick
352,Paquito Goretti,Male,1/1/2010,Canada,canadian,active,academically unprepared
353,Sam Cuxson,Male,1/1/2010,Canada,singaporean,deferred,expensive
354,Chere de Nore,Female,1/1/2010,Canada,singaporean,active,homesick
355,Sherm Saltsberg,Male,1/1/2010,Canada,singaporean,active,homesick
356,Penni Vallance,Female,1/1/2010,Canada,singaporean,withdrawn,homesick
357,Julius Stampfer,Male,1/1/2010,Canada,canadian,withdrawn,homesick
358,Anette Olivas,Female,1/1/2010,Canada,srilankian,deferred,homesick
359,Dorise Talby,Female,1/1/2010,Canada,indian,deferred,academically unprepared
360,Querida Doughtery,Female,1/1/2010,Canada,canadian,deferred,homesick
361,Hamid Gouldstone,Male,1/1/2010,Canada,canadian,withdrawn,academically unprepared
362,Beaufort Cadwell,Male,1/1/2010,Sri Lanka,indian,active,expensive
363,Denyse Darrow,Female,1/1/2010,Canada,singaporean,active,homesick
364,Hastings Santi,Male,1/1/2010,Canada,indian,withdrawn,academically unprepared
365,Gwenette Jeannequin,Female,1/1/2010,Canada,indian,withdrawn,expensive
366,Alejoa Motherwell,Male,1/1/2010,Canada,canadian,deferred,homesick
367,Hartley Corcoran,Male,1/1/2010,Canada,indian,active,homesick
368,Wilt Sabbins,Male,1/1/2010,Canada,indian,withdrawn,homesick
369,Rik Clarridge,Male,1/1/2010,Canada,indian,withdrawn,homesick
370,Minne Langwade,Female,1/1/2010,Canada,srilankian,withdrawn,expensive
371,Robb Trevan,Male,1/1/2010,Canada,canadian,withdrawn,academically unprepared
372,Kippar Coomes,Male,1/1/2010,Canada,canadian,active,academically unprepared
373,Patrice Linbohm,Male,1/1/2010,Canada,indian,deferred,homesick
374,Alphard Boni,Male,1/1/2010,Canada,canadian,active,homesick
375,Pamelina Perrott,Female,1/1/2010,Sri Lanka,indian,withdrawn,expensive
376,Bebe Dibble,Female,1/1/2010,Canada,indian,active,academically unprepared
377,Gilbertina Dowglass,Female,1/1/2010,Canada,canadian,withdrawn,academically unprepared
378,Ephrem Hark,Male,1/1/2010,Canada,canadian,deferred,academically unprepared
379,Fairleigh Rowan,Male,1/1/2010,Canada,indian,deferred,expensive
380,Alissa Bucknell,Female,1/1/2010,Sri Lanka,singaporean,active,expensive
381,Dunn Concannon,Male,1/1/2010,Canada,indian,withdrawn,homesick
382,Rudiger Esley,Male,1/1/2010,Sri Lanka,singaporean,deferred,academically unprepared
383,Cale Halpine,Male,1/1/2010,Canada,canadian,active,homesick
384,Rodrigo Brownlea,Male,1/1/2010,Canada,srilankian,active,academically unprepared
385,Denny Vynoll,Male,1/1/2010,Canada,canadian,active,homesick
386,Pru Felkin,Female,1/1/2010,Canada,canadian,withdrawn,expensive
387,Huey Kemball,Male,1/1/2010,Canada,srilankian,deferred,expensive
388,Lishe Benedek,Female,1/1/2010,Canada,canadian,deferred,homesick
389,Franklin Langstrath,Male,1/1/2010,Canada,srilankian,withdrawn,expensive
390,Logan Pattle,Male,1/1/2010,Canada,srilankian,active,homesick
391,Jacquenette Joska,Female,1/1/2010,Canada,canadian,withdrawn,homesick
392,Inglis Phil,Male,1/1/2010,Canada,canadian,deferred,expensive
393,Hollie Pierucci,Female,1/1/2010,Canada,indian,withdrawn,academically unprepared
394,Yale Yurocjhin,Male,1/1/2010,Canada,indian,withdrawn,academically unprepared
395,Danya Raycroft,Male,1/1/2010,Canada,srilankian,withdrawn,academically unprepared
396,Marjy De Fries,Female,1/1/2010,Canada,indian,deferred,homesick
397,Chad Hutcheon,Female,1/1/2010,Canada,canadian,active,expensive
398,Beatriz Virr,Female,1/1/2010,Canada,canadian,deferred,academically unprepared
399,Bendix Benjefield,Male,1/1/2010,Canada,singaporean,withdrawn,expensive
400,Dorita Lamacraft,Female,1/1/2010,Canada,singaporean,deferred,homesick
401,Duffy Kybird,Male,1/1/2010,Canada,singaporean,active,academically unprepared
402,Ciel Hanigan,Female,1/1/2010,Canada,indian,withdrawn,homesick
403,Ode Bonfield,Male,1/1/2010,Canada,indian,active,homesick
404,Nickie Fynes,Female,1/1/2010,Canada,singaporean,active,homesick
405,Ingaberg Shipman,Female,1/1/2010,Canada,srilankian,deferred,homesick
406,Ros Farebrother,Female,1/1/2010,Canada,singaporean,active,homesick
407,Francklin Stanmore,Male,1/1/2010,Canada,indian,deferred,academically unprepared
408,Joletta Bladon,Female,1/1/2010,Canada,indian,withdrawn,academically unprepared
409,Dacia Atterley,Female,1/1/2010,Canada,indian,active,academically unprepared
410,Althea Pawden,Female,1/1/2010,Canada,canadian,deferred,academically unprepared
411,Aime Albert,Female,1/1/2010,Canada,singaporean,deferred,homesick
412,Rainer MacSween,Male,1/1/2010,Canada,indian,deferred,homesick
413,Urbanus Garrish,Male,1/1/2010,Canada,singaporean,active,expensive
414,Carley Crowley,Female,1/1/2010,Canada,srilankian,active,academically unprepared
415,Isa Readshall,Male,1/1/2010,Canada,srilankian,withdrawn,expensive
416,Lana Greggor,Female,1/1/2010,Canada,srilankian,withdrawn,academically unprepared
417,Collete Burwin,Female,1/1/2010,Canada,singaporean,deferred,expensive
418,Shandeigh Moxted,Female,1/1/2010,Canada,canadian,deferred,homesick
419,Walliw Rubbens,Female,1/1/2010,Canada,singaporean,active,homesick
420,Elston Gowanlock,Male,1/1/2010,Sri Lanka,canadian,active,academically unprepared
421,Ricard Eat,Male,1/1/2010,Canada,srilankian,deferred,academically unprepared
422,Dillie Wolford,Male,1/1/2010,Canada,srilankian,active,homesick
423,Teriann McKague,Female,1/1/2010,Canada,indian,active,expensive
424,Alexis Burnett,Male,1/1/2010,Canada,srilankian,active,academically unprepared
425,Brittney Howis,Female,1/1/2010,Canada,indian,withdrawn,homesick
426,Thorndike McColley,Male,1/1/2010,Canada,singaporean,active,academically unprepared
427,Annabal Dengel,Female,1/1/2010,Sri Lanka,indian,withdrawn,academically unprepared
428,Udale Liepmann,Male,1/1/2010,Canada,srilankian,active,academically unprepared
429,Christos Robroe,Male,1/1/2010,Canada,srilankian,withdrawn,expensive
430,Tabbie Deackes,Female,1/1/2010,Canada,srilankian,active,homesick
431,Reese Gorrick,Male,1/1/2010,Canada,srilankian,withdrawn,expensive
432,Damon Heatley,Male,1/1/2010,Canada,singaporean,active,homesick
433,Ania Yegorkin,Female,1/1/2010,Canada,canadian,active,expensive
434,Joanna Bartkowiak,Female,1/1/2010,Canada,singaporean,active,homesick
435,Sebastiano Ganderton,Male,1/1/2010,Canada,srilankian,active,homesick
436,Marie-jeanne Gomby,Female,1/1/2010,Canada,canadian,active,homesick
437,Aharon Tring,Male,1/1/2010,Canada,canadian,active,academically unprepared
438,Walliw Hatliffe,Female,1/1/2010,Canada,singaporean,active,academically unprepared
439,Vallie Tytterton,Female,1/1/2010,Canada,indian,active,expensive
440,Donielle Adelman,Female,1/1/2010,Canada,indian,withdrawn,academically unprepared
441,Celesta Kausche,Female,1/1/2010,Canada,indian,active,homesick
442,Haleigh Stieger,Male,1/1/2010,Canada,indian,deferred,homesick
443,Skip Brehat,Male,1/1/2010,Canada,canadian,deferred,homesick
444,Meier Baistow,Male,1/1/2010,Canada,singaporean,withdrawn,expensive
445,Alwyn Sleath,Male,1/1/2010,Canada,singaporean,withdrawn,expensive
446,Frankie Heilds,Male,1/1/2010,Canada,singaporean,deferred,academically unprepared
447,Saundra Vanlint,Female,1/1/2010,Canada,indian,withdrawn,academically unprepared
448,Jerrie Daughtery,Female,1/1/2010,Canada,singaporean,deferred,expensive
449,Meryl Henniger,Female,1/1/2010,Canada,srilankian,deferred,expensive
450,Fara Sango,Female,1/1/2010,Canada,srilankian,withdrawn,homesick
451,Maurits Blackaller,Male,1/1/2010,Sri Lanka,singaporean,active,academically unprepared
452,Moses Crowche,Male,1/1/2010,Canada,srilankian,deferred,expensive
453,Arline Lipgens,Female,1/1/2010,Canada,indian,deferred,academically unprepared
454,Elysha Fratczak,Female,1/1/2010,Sri Lanka,indian,withdrawn,expensive
455,Kippar Saer,Male,1/1/2010,Canada,indian,withdrawn,homesick
456,Zsazsa Sketh,Female,1/1/2010,Canada,canadian,active,homesick
457,Blaire Becconsall,Female,1/1/2010,Canada,singaporean,deferred,homesick
458,Otha Knowler,Female,1/1/2010,Canada,indian,deferred,expensive
459,Briney Royl,Female,1/1/2010,Canada,singaporean,active,academically unprepared
460,Shaine Nelthropp,Male,1/1/2010,Canada,singaporean,active,academically unprepared
461,Portie Bresland,Male,1/1/2010,Canada,srilankian,active,homesick
462,Caria Hadcock,Female,1/1/2010,Canada,singaporean,active,expensive
463,Bradford Webborn,Male,1/1/2010,Canada,indian,deferred,expensive
464,Karlis Francombe,Male,1/1/2010,Canada,singaporean,active,expensive
465,Teador Duckworth,Male,1/1/2010,Canada,canadian,active,expensive
466,Josie Walbrun,Female,1/1/2010,Sri Lanka,indian,withdrawn,homesick
467,Darryl Sill,Female,1/1/2010,Canada,canadian,deferred,expensive
468,Pate Lethbrig,Male,1/1/2010,Sri Lanka,srilankian,deferred,academically unprepared
469,Ronna Redhouse,Female,1/1/2010,Canada,indian,active,homesick
470,Sutherland Nesey,Male,1/1/2010,Canada,canadian,withdrawn,homesick
471,Kenn Valentinetti,Male,1/1/2010,Canada,canadian,deferred,expensive
472,Ruprecht Phillip,Male,1/1/2010,Canada,srilankian,withdrawn,homesick
473,Albie McKyrrelly,Male,1/1/2010,Canada,canadian,active,homesick
474,Edvard Dallosso,Male,1/1/2010,Canada,srilankian,withdrawn,homesick
475,Gare Speck,Male,1/1/2010,Canada,singaporean,withdrawn,homesick
476,Issiah Torricella,Male,1/1/2010,Canada,singaporean,active,expensive
477,Urbanus Parrot,Male,1/1/2010,Canada,srilankian,withdrawn,homesick
478,Di Lines,Female,1/1/2010,Canada,srilankian,deferred,academically unprepared
479,Clevey Peirone,Male,1/1/2010,Canada,canadian,active,academically unprepared
480,Hadlee Guyer,Male,1/1/2010,Canada,singaporean,deferred,academically unprepared
481,Amelita Paver,Female,1/1/2010,Canada,singaporean,withdrawn,homesick
482,Rich Keig,Male,1/1/2010,Canada,srilankian,withdrawn,homesick
483,Silvie Lauga,Female,1/1/2010,Canada,srilankian,withdrawn,homesick
484,Farlee Nail,Male,1/1/2010,Canada,singaporean,active,expensive
485,Bud Balshen,Male,1/1/2010,Canada,canadian,withdrawn,expensive
486,Maximo Drane,Male,1/1/2010,Canada,srilankian,deferred,homesick
487,Ruddy Ledstone,Male,1/1/2010,Canada,canadian,withdrawn,homesick
488,Andeee Kobisch,Female,1/1/2010,Canada,singaporean,active,expensive
489,Rance Everton,Male,1/1/2010,Canada,srilankian,deferred,academically unprepared
490,Annie Bertl,Female,1/1/2010,Canada,srilankian,deferred,academically unprepared
491,Doro Ciardo,Female,1/1/2010,Canada,canadian,active,expensive
492,Hilary McQuirter,Male,1/1/2010,Canada,indian,active,homesick
493,Myrwyn Frie,Male,1/1/2010,Canada,indian,active,academically unprepared
494,Kylila Fennelow,Female,1/1/2010,Canada,singaporean,active,expensive
495,Linoel Bouskill,Male,1/1/2010,Canada,singaporean,active,homesick
496,Gracia Trickey,Female,1/1/2010,Canada,indian,withdrawn,expensive
497,Trescha Fox,Female,1/1/2010,Canada,canadian,withdrawn,expensive
498,Kerrie Napper,Female,1/1/2010,Sri Lanka,srilankian,withdrawn,academically unprepared
499,Veronica Nilges,Female,1/1/2010,Sri Lanka,indian,withdrawn,expensive
500,Christye Knewstub,Female,1/1/2010,Sri Lanka,canadian,deferred,homesick
501,Sandi Taree,Female,1/1/2010,Canada,singaporean,deferred,homesick
502,Curcio Gutherson,Male,1/1/2010,Canada,indian,deferred,expensive
503,Luisa Chavey,Female,1/1/2010,Sri Lanka,canadian,active,homesick
504,Dag Cotes,Male,1/1/2010,Canada,srilankian,withdrawn,homesick
505,Alasteir Sher,Male,1/1/2010,Canada,singaporean,withdrawn,academically unprepared
506,Marj Prestige,Female,1/1/2010,Canada,canadian,deferred,academically unprepared
507,Orly Matthias,Female,1/1/2010,Canada,canadian,active,expensive
508,Ursulina Brosius,Female,1/1/2010,Canada,indian,active,academically unprepared
509,Siusan Denzilow,Female,1/1/2010,Canada,srilankian,active,expensive
510,Ashlen Nafziger,Female,1/1/2010,Canada,srilankian,withdrawn,expensive
511,Suzy Balshaw,Female,1/1/2010,Canada,srilankian,deferred,academically unprepared
512,Rubin Aspole,Male,1/1/2010,Sri Lanka,canadian,active,academically unprepared
513,Modesty Goodison,Female,1/1/2010,Canada,singaporean,withdrawn,homesick
514,Lorelei Peetermann,Female,1/1/2010,Canada,srilankian,withdrawn,expensive
515,Annice Towsie,Female,1/1/2010,Canada,singaporean,withdrawn,homesick
516,Nicoline Buckle,Female,1/1/2010,Canada,srilankian,active,expensive
517,Ludwig Rosenfarb,Male,1/1/2010,Canada,canadian,active,expensive
518,Jacobo Arne,Male,1/1/2010,Canada,canadian,active,academically unprepared
519,Krista Flecknell,Female,1/1/2010,Canada,indian,active,academically unprepared
520,Delphinia Wearing,Female,1/1/2010,Canada,canadian,deferred,expensive
521,Hernando Rendell,Male,1/1/2010,Canada,srilankian,withdrawn,homesick
522,Sophi Brun,Female,1/1/2010,Canada,canadian,deferred,expensive
523,Burnaby Putland,Male,1/1/2010,Canada,srilankian,deferred,homesick
524,Lincoln Necolds,Male,1/1/2010,Canada,indian,active,expensive
525,Stella Poston,Female,1/1/2010,Canada,canadian,active,expensive
526,Kiah Faircliff,Female,1/1/2010,Canada,singaporean,active,homesick
527,Kile Longhorne,Male,1/1/2010,Canada,canadian,withdrawn,homesick
528,Byrann Chaperling,Male,1/1/2010,Canada,srilankian,active,homesick
529,Bette-ann Dumper,Female,1/1/2010,Canada,canadian,deferred,expensive
530,Roanna Beaton,Female,1/1/2010,Canada,canadian,withdrawn,academically unprepared
531,Donovan Oag,Male,1/1/2010,Canada,canadian,active,expensive
532,Karlee Colmore,Female,1/1/2010,Canada,singaporean,deferred,academically unprepared
533,Leopold Munt,Male,1/1/2010,Canada,indian,active,expensive
534,Karia Langdale,Female,1/1/2010,Canada,srilankian,deferred,homesick
535,Arlette Eacle,Female,1/1/2010,Canada,singaporean,active,homesick
536,Olag Trehearne,Male,1/1/2010,Canada,srilankian,active,homesick
537,Nigel Wiley,Male,1/1/2010,Canada,indian,deferred,academically unprepared
538,Chalmers Petow,Male,1/1/2010,Canada,canadian,withdrawn,expensive
539,Merilee Salliere,Female,1/1/2010,Canada,indian,withdrawn,expensive
540,Sheila Sandwith,Female,1/1/2010,Canada,singaporean,deferred,expensive
541,Sandye Romanetti,Female,1/1/2010,Canada,canadian,withdrawn,expensive
542,Averil Dobbins,Male,1/1/2010,Canada,indian,deferred,academically unprepared
543,Theodore Christoffels,Male,1/1/2010,Canada,singaporean,withdrawn,academically unprepared
544,Taite Lelliott,Male,1/1/2010,Canada,canadian,deferred,homesick
545,Orland Sissot,Male,1/1/2010,Canada,singaporean,deferred,homesick
546,Silvie Jachimiak,Female,1/1/2010,Canada,canadian,withdrawn,homesick
547,Jodee Brood,Female,1/1/2010,Canada,canadian,deferred,homesick
548,Nina Dakhov,Female,1/1/2010,Canada,srilankian,withdrawn,academically unprepared
549,Burton Ferrick,Male,1/1/2010,Canada,srilankian,withdrawn,expensive
550,Merrily Shoulder,Female,1/1/2010,Canada,indian,withdrawn,academically unprepared
551,Stacy Isaksen,Female,1/1/2010,Canada,indian,withdrawn,academically unprepared
552,Micheline Gundrey,Female,1/1/2010,Canada,canadian,withdrawn,homesick
553,Gayler Sheehan,Male,1/1/2010,Canada,singaporean,withdrawn,academically unprepared
554,Dex Lehrle,Male,1/1/2010,Canada,canadian,withdrawn,homesick
555,Moe Grogono,Male,1/1/2010,Canada,singaporean,active,homesick
556,Jeannette Simioni,Female,1/1/2010,Canada,singaporean,active,expensive
557,Archer Gilmartin,Male,1/1/2010,Canada,srilankian,deferred,homesick
558,Kathy Kirkebye,Female,1/1/2010,Sri Lanka,singaporean,active,expensive
559,Neils Jiracek,Male,1/1/2010,Canada,singaporean,withdrawn,homesick
560,Burch Herety,Male,1/1/2010,Canada,indian,withdrawn,homesick
561,Putnem Cordsen,Male,1/1/2010,Canada,srilankian,withdrawn,expensive
562,Skylar Symcoxe,Male,1/1/2010,Sri Lanka,canadian,deferred,expensive
563,Kalvin Mordey,Male,1/1/2010,Canada,srilankian,withdrawn,academically unprepared
564,Olav Fawltey,Male,1/1/2010,Canada,indian,active,expensive
565,Stace Crosthwaite,Female,1/1/2010,Canada,indian,withdrawn,expensive
566,Eddi Exroll,Female,1/1/2010,Canada,indian,active,academically unprepared
567,Melli Benitez,Female,1/1/2010,Canada,singaporean,deferred,expensive
568,Neddy Bernhardt,Male,1/1/2010,Canada,srilankian,withdrawn,homesick
569,Gamaliel Sarge,Male,1/1/2010,Canada,srilankian,withdrawn,expensive
570,Gus Heild,Male,1/1/2010,Canada,srilankian,deferred,homesick
571,Kelley Dungay,Male,1/1/2010,Canada,indian,active,expensive
572,Ruthann Haggett,Female,1/1/2010,Canada,canadian,deferred,academically unprepared
573,Katherine Chippindall,Female,1/1/2010,Canada,indian,deferred,homesick
574,Courtenay Roake,Female,1/1/2010,Canada,canadian,withdrawn,expensive
575,Cob Peebles,Male,1/1/2010,Canada,indian,deferred,homesick
576,Elmo Ellerey,Male,1/1/2010,Canada,indian,active,expensive
577,Kirstin Farquhar,Female,1/1/2010,Canada,canadian,withdrawn,academically unprepared
578,Aggy Guthrum,Female,1/1/2010,Canada,indian,withdrawn,academically unprepared
579,Jone Landsman,Male,1/1/2010,Canada,singaporean,withdrawn,expensive
580,Torie Mickleburgh,Female,1/1/2010,Canada,indian,deferred,academically unprepared
581,Elisha Tivers,Male,1/1/2010,Canada,srilankian,active,homesick
582,Clementia Monument,Female,1/1/2010,Canada,srilankian,withdrawn,homesick
583,Loren Sudlow,Female,1/1/2010,Canada,singaporean,deferred,academically unprepared
584,Stafani Gaskins,Female,1/1/2010,Canada,canadian,withdrawn,homesick
585,Hetty Verrillo,Female,1/1/2010,Canada,indian,active,expensive
586,Katinka Agate,Female,1/1/2010,Canada,canadian,withdrawn,homesick
587,Bondie Peake,Male,1/1/2010,Canada,canadian,deferred,academically unprepared
588,Suellen Loudyan,Female,1/1/2010,Canada,srilankian,active,expensive
589,Arney Dulin,Male,1/1/2010,Canada,canadian,withdrawn,academically unprepared
590,Eolande Malley,Female,1/1/2010,Canada,indian,active,expensive
591,Darcy McNea,Female,1/1/2010,Canada,indian,active,homesick
592,Minnaminnie Nannoni,Female,1/1/2010,Singapore,srilankian,deferred,academically unprepared
593,Kitty Crosetti,Female,1/1/2010,Canada,canadian,withdrawn,homesick
594,Mick Burnham,Male,1/1/2010,Canada,indian,withdrawn,expensive
595,Hannah Ensten,Female,1/1/2010,Canada,canadian,withdrawn,academically unprepared
596,Eirena Fogel,Female,1/1/2010,Canada,canadian,withdrawn,academically unprepared
597,Brigit Harcombe,Female,1/1/2010,Canada,indian,active,expensive
598,Datha Maruszewski,Female,1/1/2010,Canada,srilankian,active,homesick
599,Haroun Ponten,Male,1/1/2010,Canada,singaporean,withdrawn,academically unprepared
600,Hilde Ginnally,Female,1/1/2010,Canada,srilankian,withdrawn,expensive
601,Derby Abdon,Male,1/1/2010,Canada,srilankian,active,expensive
602,Rickert Reye,Male,1/1/2010,Canada,singaporean,withdrawn,academically unprepared
603,Trudie Moulton,Female,1/1/2010,Canada,indian,deferred,homesick
604,Dannie Kinnard,Female,1/1/2010,Canada,srilankian,deferred,homesick
605,Vernor Linck,Male,1/1/2010,Canada,canadian,withdrawn,expensive
606,Filmore Leyes,Male,1/1/2010,Canada,canadian,withdrawn,expensive
607,Timothea Scamerden,Female,1/1/2010,Canada,srilankian,deferred,expensive
608,Christos Devonshire,Male,1/1/2010,Canada,canadian,active,homesick
609,Syd Nance,Male,1/1/2010,Canada,indian,withdrawn,academically unprepared
610,Myrlene Littrell,Female,1/1/2010,Canada,canadian,withdrawn,homesick
611,Saudra Wurst,Female,1/1/2010,Sri Lanka,indian,deferred,academically unprepared
612,Quintin Wand,Male,1/1/2010,Canada,indian,withdrawn,expensive
613,Teresita Havercroft,Female,1/1/2010,Canada,singaporean,withdrawn,expensive
614,Chester Mawditt,Male,1/1/2010,Canada,indian,withdrawn,homesick
615,Percival Netley,Male,1/1/2010,Canada,singaporean,deferred,academically unprepared
616,Paula McSkeagan,Female,1/1/2010,Canada,singaporean,active,academically unprepared
617,Torre Knapper,Male,1/1/2010,Canada,singaporean,withdrawn,academically unprepared
618,Hebert Ogbourne,Male,1/1/2010,Canada,canadian,withdrawn,expensive
619,Ursala Avrahamof,Female,1/1/2010,Canada,srilankian,withdrawn,homesick
620,Ozzie Caile,Male,1/1/2010,Canada,indian,active,homesick
621,Kiele Ismail,Female,1/1/2010,Sri Lanka,indian,active,expensive
622,Hershel Summerrell,Male,1/1/2010,Canada,singaporean,active,expensive
623,Bonita Hake,Female,1/1/2010,Canada,indian,active,homesick
624,Cammy Sparks,Male,1/1/2010,Canada,srilankian,deferred,homesick
625,Rheta Robiot,Female,1/1/2010,Canada,srilankian,deferred,expensive
626,Dew Pardal,Male,1/1/2010,Sri Lanka,canadian,deferred,expensive
627,Eugene Luton,Male,1/1/2010,Canada,canadian,active,homesick
628,Pat Saer,Female,1/1/2010,Sri Lanka,srilankian,deferred,academically unprepared
629,Jeremie Drane,Male,1/1/2010,Canada,canadian,withdrawn,homesick
630,Giacinta Brayford,Female,1/1/2010,Canada,canadian,withdrawn,expensive
631,Sarine Marini,Female,1/1/2010,Canada,srilankian,withdrawn,academically unprepared
632,Wendell Heiner,Male,1/1/2010,Sri Lanka,indian,deferred,homesick
633,Gaston Habens,Male,1/1/2010,Canada,srilankian,withdrawn,homesick
634,Hube Screaton,Male,1/1/2010,Canada,srilankian,withdrawn,expensive
635,Ulla Mossop,Female,1/1/2010,Canada,srilankian,active,academically unprepared
636,Mabel Bardwall,Female,1/1/2010,Sri Lanka,srilankian,withdrawn,homesick
637,Sella Marishenko,Female,1/1/2010,Canada,srilankian,deferred,expensive
638,Betsy Szantho,Female,1/1/2010,Canada,singaporean,withdrawn,academically unprepared
639,Cesya Procter,Female,1/1/2010,Sri Lanka,srilankian,withdrawn,homesick
640,Stephie Jakubowsky,Female,1/1/2010,Canada,canadian,withdrawn,homesick
641,Cly Bartoloma,Male,1/1/2010,Sri Lanka,srilankian,deferred,academically unprepared
642,Bent Kill,Male,1/1/2010,Canada,singaporean,withdrawn,expensive
643,Loella Atley,Female,1/1/2010,Sri Lanka,indian,deferred,expensive
644,Suellen Baversor,Female,1/1/2010,Canada,singaporean,active,academically unprepared
645,Torrance Sawfoot,Male,1/1/2010,Canada,indian,deferred,academically unprepared
646,Wenona Loxdale,Female,1/1/2010,Canada,singaporean,deferred,expensive
647,Harlen Dyball,Male,1/1/2010,Canada,indian,withdrawn,academically unprepared
648,Lovell MacBain,Male,1/1/2010,Canada,canadian,active,expensive
649,Ciel Roke,Female,1/1/2010,Canada,indian,active,homesick
650,Virge Osorio,Male,1/1/2010,Canada,indian,withdrawn,homesick
651,Clevie Stirzaker,Male,1/1/2010,Canada,srilankian,active,expensive
652,Udell Pigdon,Male,1/1/2010,Canada,indian,active,academically unprepared
653,Valencia MacParland,Female,1/1/2010,Canada,canadian,withdrawn,homesick
654,Stevy State,Male,1/1/2010,Canada,canadian,deferred,homesick
655,Ruthi Barens,Female,1/1/2010,Canada,indian,deferred,academically unprepared
656,Mikaela Matushevich,Female,1/1/2010,Canada,srilankian,deferred,homesick
657,Waite Cometti,Male,1/1/2010,Canada,indian,withdrawn,academically unprepared
658,Patsy Stammers,Male,1/1/2010,Sri Lanka,singaporean,active,academically unprepared
659,Cathi Edinburgh,Female,1/1/2010,Canada,singaporean,withdrawn,expensive
660,Saleem Sibson,Male,1/1/2010,Canada,indian,deferred,homesick
661,Haydon Brea,Male,1/1/2010,Canada,singaporean,withdrawn,homesick
662,Greg Spears,Male,1/1/2010,Canada,singaporean,deferred,homesick
663,Willie Chrichton,Female,1/1/2010,Sri Lanka,indian,deferred,expensive
664,Gottfried Longford,Male,1/1/2010,Canada,singaporean,deferred,homesick
665,Euphemia Fleis,Female,1/1/2010,Canada,indian,deferred,homesick
666,Birk Theobald,Male,1/1/2010,Canada,canadian,deferred,academically unprepared
667,Karel Binne,Male,1/1/2010,Canada,canadian,deferred,expensive
668,Sarine Wharlton,Female,1/1/2010,Canada,singaporean,active,expensive
669,Prudi Goldsbury,Female,1/1/2010,Canada,indian,active,academically unprepared
670,Jesus Lidgertwood,Male,1/1/2010,Canada,srilankian,withdrawn,academically unprepared
671,Winny Degoy,Female,1/1/2010,Canada,indian,deferred,expensive
672,Pat Ring,Male,1/1/2010,Canada,canadian,active,homesick
673,Ashlee Culp,Female,1/1/2010,Sri Lanka,singaporean,withdrawn,homesick
674,Min Cobbledick,Female,1/1/2010,Canada,canadian,deferred,expensive
675,Romain Halwell,Male,1/1/2010,Canada,srilankian,active,expensive
676,Giacomo Brantzen,Male,1/1/2010,Canada,singaporean,active,expensive
677,Brittany Coverlyn,Female,1/1/2010,Canada,indian,deferred,expensive
678,Brod Champniss,Male,1/1/2010,Canada,canadian,withdrawn,expensive
679,Alwin Jolland,Male,1/1/2010,Singapore,srilankian,active,academically unprepared
680,Timmy Pender,Female,1/1/2010,Canada,canadian,deferred,homesick
681,Killian Thurby,Male,1/1/2010,Canada,singaporean,withdrawn,homesick
682,Norris Life,Male,1/1/2010,Canada,indian,active,academically unprepared
683,Ross Spreag,Male,1/1/2010,Canada,indian,deferred,expensive
684,Rafe Danelut,Male,1/1/2010,Canada,srilankian,deferred,expensive
685,Maire Petty,Female,1/1/2010,Canada,canadian,deferred,homesick
686,Marlene Malcolm,Female,1/1/2010,Canada,canadian,active,expensive
687,Durand Cream,Male,1/1/2010,Canada,canadian,withdrawn,homesick
688,Addie Saxby,Female,1/1/2010,Canada,singaporean,active,homesick
689,Fitzgerald Kall,Male,1/1/2010,Canada,indian,withdrawn,academically unprepared
690,Paolo Piercy,Male,1/1/2010,Canada,indian,withdrawn,academically unprepared
691,Baryram Myton,Male,1/1/2010,Canada,srilankian,deferred,academically unprepared
692,Standford Kulic,Male,1/1/2010,Canada,singaporean,active,expensive
693,Livy Tschirschky,Female,1/1/2010,Canada,canadian,active,homesick
694,Gusti Pechan,Female,1/1/2010,Canada,indian,active,expensive
695,Felicity Minchinden,Female,1/1/2010,Canada,srilankian,deferred,homesick
696,Becky Carwardine,Female,1/1/2010,Canada,srilankian,withdrawn,homesick
697,Rollin Aphale,Male,1/1/2010,Canada,singaporean,withdrawn,homesick
698,Arni d'Escoffier,Male,1/1/2010,Canada,singaporean,deferred,expensive
699,Minna Penniell,Female,1/1/2010,Canada,singaporean,active,homesick
700,Jesus Rowden,Male,1/1/2010,Canada,canadian,withdrawn,expensive
701,Lawrence Norsworthy,Male,1/1/2010,Canada,canadian,deferred,academically unprepared
702,Mariejeanne Cattlow,Female,1/1/2010,Canada,indian,active,expensive
703,Madelena Farren,Female,1/1/2010,Sri Lanka,srilankian,withdrawn,expensive
704,Glendon Hartford,Male,1/1/2010,Sri Lanka,singaporean,withdrawn,homesick
705,Stevana Fifoot,Female,1/1/2010,Canada,canadian,withdrawn,academically unprepared
706,Shana Rawsthorne,Female,1/1/2010,Canada,canadian,withdrawn,academically unprepared
707,Verile Darragon,Female,1/1/2010,Canada,srilankian,deferred,homesick
708,Teddie Danick,Male,1/1/2010,Canada,indian,active,academically unprepared
709,Benjie Feldbau,Male,1/1/2010,Canada,singaporean,deferred,academically unprepared
710,Yank Schneidar,Male,1/1/2010,Canada,canadian,withdrawn,homesick
711,Milty Sandifer,Male,1/1/2010,Canada,singaporean,withdrawn,expensive
712,Roland Goadbie,Male,1/1/2010,Canada,indian,active,expensive
713,Rorke Gammon,Male,1/1/2010,Canada,srilankian,withdrawn,academically unprepared
714,Kalli Carnalan,Female,1/1/2010,Canada,indian,withdrawn,homesick
715,Donnajean Le Breton De La Vieuville,Female,1/1/2010,Canada,srilankian,deferred,academically unprepared
716,Joelle Starzaker,Female,1/1/2010,Sri Lanka,srilankian,withdrawn,academically unprepared
717,Lazare Settle,Male,1/1/2010,Canada,indian,deferred,expensive
718,Ignazio Yeoland,Male,1/1/2010,Canada,singaporean,deferred,homesick
719,Claude Geere,Female,1/1/2010,Canada,indian,withdrawn,academically unprepared
720,Marv Bertelmot,Male,1/1/2010,Canada,srilankian,active,homesick
721,Allx Revington,Female,1/1/2010,Canada,singaporean,active,academically unprepared
722,Douglass Neely,Male,1/1/2010,Canada,indian,active,homesick
723,Tatiana Blaine,Female,1/1/2010,Canada,srilankian,active,homesick
724,Cyrill Gildersleeve,Male,1/1/2010,Canada,canadian,withdrawn,homesick
725,Daniela Mynott,Female,1/1/2010,Canada,indian,active,expensive
726,Ophelie Hynde,Female,1/1/2010,Canada,indian,withdrawn,expensive
727,Neala Raselles,Female,1/1/2010,Canada,indian,active,homesick
728,Liliane Butterwick,Female,1/1/2010,Canada,srilankian,withdrawn,homesick
729,Standford Lief,Male,1/1/2010,Canada,srilankian,withdrawn,homesick
730,Konstantin Chelley,Male,1/1/2010,India,srilankian,withdrawn,expensive
731,Shaylynn Mollene,Female,1/1/2010,Canada,canadian,withdrawn,academically unprepared
732,Bobbe felip,Female,1/1/2010,Canada,indian,deferred,expensive
733,Sherlock Leemans,Male,1/1/2010,Canada,singaporean,withdrawn,expensive
734,Eziechiele Want,Male,1/1/2010,Canada,indian,deferred,expensive
735,Janeta Langer,Female,1/1/2010,Canada,singaporean,withdrawn,expensive
736,Leeann Squibbes,Female,1/1/2010,Canada,canadian,active,homesick
737,Adeline Ziems,Female,1/1/2010,Canada,srilankian,deferred,academically unprepared
738,Dorothy Godman,Female,1/1/2010,Canada,singaporean,active,homesick
739,Salomone Tiddy,Male,1/1/2010,Canada,indian,active,expensive
740,Ravi Borley,Male,1/1/2010,Canada,canadian,active,academically unprepared
741,Darcey Masarrat,Female,1/1/2010,Canada,indian,active,homesick
742,Merrielle Paunsford,Female,1/1/2010,Canada,singaporean,withdrawn,academically unprepared
743,Jack Careless,Male,1/1/2010,Canada,singaporean,deferred,homesick
744,Sigfried Ganford,Male,1/1/2010,Canada,canadian,deferred,academically unprepared
745,Adeline Demangel,Female,1/1/2010,Canada,srilankian,deferred,homesick
746,Celestia Okie,Female,1/1/2010,Canada,singaporean,withdrawn,expensive
747,Willow Dunks,Female,1/1/2010,Canada,singaporean,withdrawn,academically unprepared
748,Courtenay Crockley,Female,1/1/2010,Canada,indian,active,academically unprepared
749,Harmon O'Neill,Male,1/1/2010,Canada,srilankian,withdrawn,academically unprepared
750,Marissa Eggins,Female,1/1/2010,Canada,canadian,active,expensive
751,Hubey Rief,Male,1/1/2010,Canada,indian,deferred,homesick
752,Mirna Cartmel,Female,1/1/2010,Canada,indian,active,expensive
753,Alisha Deboo,Female,1/1/2010,Canada,canadian,withdrawn,homesick
754,Rubi Dacca,Female,1/1/2010,Canada,singaporean,active,academically unprepared
755,Carolyne Gillaspy,Female,1/1/2010,Canada,srilankian,active,academically unprepared
756,Fidela Deport,Female,1/1/2010,Canada,srilankian,withdrawn,homesick
757,Binny Feirn,Female,1/1/2010,Canada,singaporean,deferred,homesick
758,Edmon Poskitt,Male,1/1/2010,Canada,indian,deferred,academically unprepared
759,Augy Tisor,Male,1/1/2010,Canada,canadian,deferred,academically unprepared
760,Granville Winnard,Male,1/1/2010,Canada,srilankian,withdrawn,academically unprepared
761,Abbott Meecher,Male,1/1/2010,Sri Lanka,srilankian,active,homesick
762,Beatriz Gidney,Female,1/1/2010,India,canadian,deferred,expensive
763,Caro Joll,Female,1/1/2010,Canada,indian,deferred,homesick
764,Kendricks Leverage,Male,1/1/2010,Canada,canadian,deferred,homesick
765,Cly Tidbold,Male,1/1/2010,Canada,singaporean,deferred,academically unprepared
766,Tailor Leggis,Male,1/1/2010,Canada,srilankian,deferred,expensive
767,Alena Vampouille,Female,1/1/2010,Canada,indian,deferred,homesick
768,Rodrique Giovannelli,Male,1/1/2010,Canada,singaporean,deferred,homesick
769,Clareta Winckle,Female,1/1/2010,Canada,singaporean,active,expensive
770,Isadora Dockrill,Female,1/1/2010,Canada,canadian,deferred,expensive
771,Hallie Skoggins,Female,1/1/2010,Canada,canadian,active,academically unprepared
772,Culley Cordie,Male,1/1/2010,Sri Lanka,canadian,active,homesick
773,Camellia Margrett,Female,1/1/2010,Canada,singaporean,withdrawn,homesick
774,Goldy Cordier,Female,1/1/2010,Canada,singaporean,deferred,homesick
775,Matias Behnecken,Male,1/1/2010,Canada,canadian,deferred,expensive
776,Nadya Dobey,Female,1/1/2010,Canada,srilankian,active,academically unprepared
777,Leodora Mounsie,Female,1/1/2010,Canada,srilankian,withdrawn,expensive
778,Arlen Minghella,Female,1/1/2010,Canada,srilankian,active,expensive
779,Rand Caze,Male,1/1/2010,Canada,indian,active,expensive
780,Sky Flade,Male,1/1/2010,Sri Lanka,canadian,active,homesick
781,Emelyne Kestin,Female,1/1/2010,Canada,indian,withdrawn,academically unprepared
782,Camellia Mosley,Female,1/1/2010,Canada,canadian,deferred,homesick
783,Rivalee Barhems,Female,1/1/2010,Canada,srilankian,active,academically unprepared
784,Cammi Poynton,Female,1/1/2010,Canada,canadian,deferred,academically unprepared
785,Benjy Thacker,Male,1/1/2010,Canada,indian,active,expensive
786,Edgard McNeillie,Male,1/1/2010,Canada,canadian,deferred,academically unprepared
787,Willie Sullivan,Female,1/1/2010,Canada,srilankian,deferred,homesick
788,Caralie Fischer,Female,1/1/2010,Canada,singaporean,withdrawn,homesick
789,Brade Maryott,Male,1/1/2010,Canada,indian,active,homesick
790,Shir Decker,Female,1/1/2010,Canada,indian,withdrawn,homesick
791,Penni Mansuer,Female,1/1/2010,Canada,srilankian,deferred,academically unprepared
792,Clareta Gorman,Female,1/1/2010,Canada,singaporean,active,academically unprepared
793,Brenn Petchey,Female,1/1/2010,Sri Lanka,singaporean,withdrawn,expensive
794,Nari Sterzaker,Female,1/1/2010,Canada,singaporean,active,academically unprepared
795,Gilda Hefforde,Female,1/1/2010,Canada,singaporean,active,homesick
796,Thadeus Tosney,Male,1/1/2010,Canada,canadian,active,academically unprepared
797,Filia Scrauniage,Female,1/1/2010,Canada,srilankian,deferred,homesick
798,Nevil Screas,Male,1/1/2010,Canada,singaporean,withdrawn,academically unprepared
799,Joe Tall,Male,1/1/2010,Canada,canadian,deferred,expensive
800,Diego Tosh,Male,1/1/2010,Sri Lanka,srilankian,withdrawn,academically unprepared
801,Nisse Fishpool,Female,1/1/2010,Canada,indian,withdrawn,homesick
802,Gianni MacCaughey,Male,1/1/2010,Canada,singaporean,active,academically unprepared
803,Winn Alberts,Male,1/1/2010,Canada,canadian,deferred,homesick
804,Brigg Gerlts,Male,1/1/2010,Canada,canadian,withdrawn,academically unprepared
805,Roderigo Mowbray,Male,1/1/2010,Canada,canadian,deferred,homesick
806,Cissiee Conti,Female,1/1/2010,Canada,indian,active,academically unprepared
807,Saul Goodhay,Male,1/1/2010,Canada,srilankian,deferred,expensive
808,Linc Blythin,Male,1/1/2010,Canada,indian,deferred,academically unprepared
809,Jasmine Gilphillan,Female,1/1/2010,Canada,indian,withdrawn,expensive
810,Bert Lough,Male,1/1/2010,Sri Lanka,canadian,withdrawn,homesick
811,Giuseppe Lakes,Male,1/1/2010,Canada,canadian,active,expensive
812,Xenos Stronge,Male,1/1/2010,Canada,singaporean,active,academically unprepared
813,Doria Rowbotham,Female,1/1/2010,Canada,indian,withdrawn,homesick
814,Minna Jaine,Female,1/1/2010,Canada,canadian,withdrawn,expensive
815,Angelico Manilo,Male,1/1/2010,Canada,singaporean,deferred,homesick
816,Dewie Buckthorp,Male,1/1/2010,Canada,canadian,active,academically unprepared
817,Koralle Gorling,Female,1/1/2010,Canada,canadian,withdrawn,homesick
818,Lilly Van der Veldt,Female,1/1/2010,Canada,srilankian,withdrawn,expensive
819,Doy Tessier,Male,1/1/2010,Canada,singaporean,withdrawn,expensive
820,Jermain Nuttey,Male,1/1/2010,Canada,canadian,deferred,expensive
821,Warden Gyurkovics,Male,1/1/2010,India,canadian,withdrawn,expensive
822,Tanner Abdy,Male,1/1/2010,Canada,srilankian,deferred,expensive
823,Enrica Atger,Female,1/1/2010,Sri Lanka,srilankian,active,academically unprepared
824,Shaylynn Chislett,Female,1/1/2010,Canada,indian,deferred,expensive
825,Jeri Trangmar,Female,1/1/2010,Canada,srilankian,active,homesick
826,Kassia Arnke,Female,1/1/2010,Canada,srilankian,withdrawn,academically unprepared
827,Gus Minor,Male,1/1/2010,Canada,singaporean,withdrawn,homesick
828,Horacio Firby,Male,1/1/2010,Canada,srilankian,withdrawn,expensive
829,Geralda Redihough,Female,1/1/2010,Canada,canadian,deferred,expensive
830,Barnebas Claus,Male,1/1/2010,Canada,singaporean,deferred,homesick
831,Germain Siviter,Male,1/1/2010,Canada,indian,active,expensive
832,Port Brigg,Male,1/1/2010,Canada,singaporean,deferred,homesick
833,Claudie Spain-Gower,Female,1/1/2010,Canada,singaporean,withdrawn,academically unprepared
834,Maxim Willavize,Male,1/1/2010,Canada,singaporean,withdrawn,expensive
835,Elvis Cloake,Male,1/1/2010,Canada,srilankian,active,academically unprepared
836,Cointon Clemenceau,Male,1/1/2010,Canada,srilankian,deferred,academically unprepared
837,Bjorn Kovelmann,Male,1/1/2010,Sri Lanka,canadian,withdrawn,homesick
838,Rolf Mapplethorpe,Male,1/1/2010,Canada,singaporean,active,homesick
839,Bobinette Antoniazzi,Female,1/1/2010,Canada,srilankian,active,academically unprepared
840,Dietrich Winfindale,Male,1/1/2010,Canada,indian,deferred,homesick
841,Zacharias Ivanyushkin,Male,1/1/2010,Canada,canadian,deferred,expensive
842,Adrienne Goldingay,Female,1/1/2010,Canada,indian,withdrawn,expensive
843,Sky Flori,Male,1/1/2010,Canada,singaporean,active,academically unprepared
844,Lee Le feaver,Male,1/1/2010,Canada,canadian,active,homesick
845,Wittie Croll,Male,1/1/2010,Canada,singaporean,deferred,expensive
846,Luella Liversage,Female,1/1/2010,Canada,indian,withdrawn,expensive
847,Margaux Leeds,Female,1/1/2010,Canada,indian,deferred,homesick
848,Edith Balderstone,Female,1/1/2010,Canada,canadian,deferred,academically unprepared
849,Evered Lamasna,Male,1/1/2010,Canada,canadian,deferred,homesick
850,Melly Heinish,Female,1/1/2010,Canada,indian,active,academically unprepared
851,Locke Wonfar,Male,1/1/2010,Canada,indian,deferred,expensive
852,Gardner Alwell,Male,1/1/2010,Canada,singaporean,active,academically unprepared
853,Britt Naldrett,Male,1/1/2010,Canada,indian,active,academically unprepared
854,Delmer Maccrie,Male,1/1/2010,Canada,canadian,withdrawn,homesick
855,Bryana Jobbins,Female,1/1/2010,Canada,canadian,withdrawn,academically unprepared
856,Kamilah Halfacre,Female,1/1/2010,Canada,canadian,active,academically unprepared
857,Lorettalorna Cruft,Female,1/1/2010,Canada,singaporean,withdrawn,homesick
858,Dodie Lochran,Female,1/1/2010,Canada,srilankian,deferred,homesick
859,Alane McCloch,Female,1/1/2010,Sri Lanka,singaporean,withdrawn,academically unprepared
860,Mark Shaxby,Male,1/1/2010,Canada,indian,withdrawn,homesick
861,Emelina Parlott,Female,1/1/2010,Canada,srilankian,withdrawn,expensive
862,Tessy Downton,Female,1/1/2010,Canada,srilankian,withdrawn,expensive
863,Kathrine Beavis,Female,1/1/2010,Canada,singaporean,deferred,expensive
864,Gwyneth Trevaskis,Female,1/1/2010,Canada,indian,withdrawn,expensive
865,Eveleen Brickhill,Female,1/1/2010,Canada,canadian,deferred,homesick
866,Ernestus Pickvance,Male,1/1/2010,Canada,indian,withdrawn,homesick
867,Nerte Scobbie,Female,1/1/2010,Canada,srilankian,active,academically unprepared
868,Tallulah Symondson,Female,1/1/2010,Canada,srilankian,deferred,expensive
869,Hillel Gauden,Male,1/1/2010,Canada,srilankian,deferred,homesick
870,Arly Kohler,Female,1/1/2010,Canada,indian,withdrawn,academically unprepared
871,Archie Knappen,Male,1/1/2010,Canada,srilankian,withdrawn,homesick
872,Elysha Mersh,Female,1/1/2010,Canada,canadian,deferred,academically unprepared
873,Pauletta Gresser,Female,1/1/2010,Canada,indian,active,expensive
874,Rawley Kingdom,Male,1/1/2010,Canada,srilankian,withdrawn,expensive
875,Cosetta Suthren,Female,1/1/2010,Canada,srilankian,withdrawn,expensive
876,Zachariah Vanyukov,Male,1/1/2010,Canada,srilankian,active,homesick
877,Issiah Waleran,Male,1/1/2010,Canada,indian,deferred,expensive
878,Rahel Foster-Smith,Female,1/1/2010,Canada,srilankian,active,academically unprepared
879,Weider McQuie,Male,1/1/2010,Canada,canadian,withdrawn,homesick
880,Roosevelt Swetman,Male,1/1/2010,Canada,indian,active,academically unprepared
881,Ralph Franzonello,Male,1/1/2010,Canada,indian,active,academically unprepared
882,Rolland Downs,Male,1/1/2010,Canada,canadian,deferred,academically unprepared
883,Kristos Mc Giffin,Male,1/1/2010,Canada,indian,withdrawn,academically unprepared
884,Sileas Maggorini,Female,1/1/2010,Sri Lanka,singaporean,withdrawn,expensive
885,Blakelee Kinglake,Female,1/1/2010,Canada,singaporean,deferred,academically unprepared
886,Annie Fessier,Female,1/1/2010,Canada,srilankian,withdrawn,homesick
887,Barby Harriday,Female,1/1/2010,Canada,canadian,withdrawn,homesick
888,Franky Borton,Female,1/1/2010,Sri Lanka,indian,withdrawn,academically unprepared
889,Tony Christophersen,Male,1/1/2010,Canada,indian,active,expensive
890,Osborn Curnucke,Male,1/1/2010,Canada,indian,active,homesick
891,Gard Whitelock,Male,1/1/2010,Canada,canadian,active,expensive
892,Mariska Hummerston,Female,1/1/2010,Canada,indian,withdrawn,expensive
893,Addi Fray,Female,1/1/2010,Canada,canadian,active,homesick
894,Gabriello Brambill,Male,1/1/2010,Canada,srilankian,active,homesick
895,Jules Clemitt,Male,1/1/2010,Canada,canadian,withdrawn,academically unprepared
896,Geneva Abotson,Female,1/1/2010,Canada,indian,withdrawn,expensive
897,Clementius Basnett,Male,1/1/2010,Sri Lanka,indian,withdrawn,homesick
898,Mirabella Bernette,Female,1/1/2010,Canada,indian,withdrawn,academically unprepared
899,Josiah Gaynor,Male,1/1/2010,Sri Lanka,indian,withdrawn,homesick
900,Philipa Strangwood,Female,1/1/2010,Canada,singaporean,withdrawn,academically unprepared
901,Roshelle Bartleman,Female,1/1/2010,Canada,indian,active,academically unprepared
902,Chad Wombwell,Female,1/1/2010,Canada,srilankian,active,homesick
903,Michail Sylvester,Male,1/1/2010,Canada,indian,deferred,homesick
904,Reinaldo Goforth,Male,1/1/2010,Canada,canadian,withdrawn,academically unprepared
905,Mehetabel Gemmill,Female,1/1/2010,Sri Lanka,singaporean,active,homesick
906,Clemente Reuben,Male,1/1/2010,Canada,singaporean,active,academically unprepared
907,Hattie Gooley,Female,1/1/2010,Canada,canadian,deferred,homesick
908,Doris Keggins,Female,1/1/2010,Canada,indian,active,academically unprepared
909,Lucais Callen,Male,1/1/2010,Canada,indian,deferred,expensive
910,Clerissa Reck,Female,1/1/2010,Sri Lanka,srilankian,deferred,homesick
911,Pollyanna Covill,Female,1/1/2010,Canada,indian,active,homesick
912,Kelbee Noraway,Male,1/1/2010,Canada,indian,active,expensive
913,Anetta Nutley,Female,1/1/2010,Canada,srilankian,active,homesick
914,Brandy Kindon,Male,1/1/2010,Canada,srilankian,active,academically unprepared
915,Lizzie Sharville,Female,1/1/2010,Canada,singaporean,active,homesick
916,Danna Lytton,Female,1/1/2010,Canada,indian,deferred,academically unprepared
917,Broderick Janoschek,Male,1/1/2010,Canada,canadian,withdrawn,expensive
918,Etta Davioud,Female,1/1/2010,Canada,indian,deferred,homesick
919,Reeta Comellini,Female,1/1/2010,Canada,singaporean,deferred,academically unprepared
920,Emlen Wyldes,Male,1/1/2010,Canada,indian,deferred,expensive
921,Korrie Uden,Female,1/1/2010,Sri Lanka,srilankian,active,expensive
922,Peg Stove,Female,1/1/2010,Sri Lanka,indian,deferred,expensive
923,Freddie Stoter,Male,1/1/2010,Canada,indian,deferred,homesick
924,Crin Jansson,Female,1/1/2010,Canada,singaporean,deferred,academically unprepared
925,Maurise Besset,Female,1/1/2010,Canada,srilankian,deferred,homesick
926,Carmencita Chesson,Female,1/1/2010,Canada,canadian,withdrawn,expensive
927,Rufe Franken,Male,1/1/2010,Canada,singaporean,deferred,homesick
928,Naoma Widdison,Female,1/1/2010,Canada,canadian,deferred,expensive
929,Betty Vankov,Female,1/1/2010,Canada,canadian,withdrawn,academically unprepared
930,Juliana Torrese,Female,1/1/2010,Canada,srilankian,active,expensive
931,Jourdain Drance,Male,1/1/2010,Canada,srilankian,deferred,academically unprepared
932,Marty Connikie,Female,1/1/2010,Canada,srilankian,deferred,expensive
933,Piper Yukhin,Female,1/1/2010,Sri Lanka,singaporean,deferred,expensive
934,Cori Donati,Male,1/1/2010,Canada,canadian,deferred,expensive
935,Silvanus Domenichelli,Male,1/1/2010,Canada,canadian,withdrawn,homesick
936,Bax Deam,Male,1/1/2010,Canada,srilankian,active,academically unprepared
937,Lucienne Dalman,Female,1/1/2010,Canada,indian,withdrawn,expensive
938,Rip Esmonde,Male,1/1/2010,Canada,canadian,withdrawn,homesick
939,Viviyan Fidge,Female,1/1/2010,Canada,srilankian,deferred,expensive
940,Marna Grutchfield,Female,1/1/2010,Sri Lanka,singaporean,withdrawn,homesick
941,Perren Eads,Male,1/1/2010,Canada,canadian,deferred,expensive
942,Donall Klimek,Male,1/1/2010,Canada,indian,withdrawn,homesick
943,Fania Doleman,Female,1/1/2010,Canada,indian,withdrawn,expensive
944,Carola Heale,Female,1/1/2010,Canada,indian,active,academically unprepared
945,Elene Matyugin,Female,1/1/2010,Sri Lanka,singaporean,deferred,academically unprepared
946,Beatriz Proom,Female,1/1/2010,Canada,srilankian,deferred,expensive
947,Kean Gaywood,Male,1/1/2010,Canada,indian,active,homesick
948,Tamarah De Biasi,Female,1/1/2010,Canada,srilankian,active,expensive
949,Thurstan Delaprelle,Male,1/1/2010,Canada,singaporean,withdrawn,homesick
950,Zared Brewett,Male,1/1/2010,Canada,singaporean,active,academically unprepared
951,Kerry Dangl,Female,1/1/2010,Canada,singaporean,active,homesick
952,Ellen Cline,Female,1/1/2010,Canada,singaporean,deferred,homesick
953,Matthiew Dionisetti,Male,1/1/2010,Sri Lanka,indian,withdrawn,expensive
954,Annamarie Braiden,Female,1/1/2010,Canada,singaporean,active,homesick
955,Gerianne Woolley,Female,1/1/2010,Canada,indian,withdrawn,academically unprepared
956,Linnet Dugan,Female,1/1/2010,Canada,srilankian,withdrawn,homesick
957,Johnny Harg,Male,1/1/2010,Canada,srilankian,active,academically unprepared
958,Mal Poyser,Male,1/1/2010,Canada,singaporean,withdrawn,homesick
959,Anstice Minchindon,Female,1/1/2010,Canada,canadian,active,expensive
960,Anne-marie Trussman,Female,1/1/2010,Canada,indian,active,academically unprepared
961,Forester Shapland,Male,1/1/2010,Canada,srilankian,active,homesick
962,Tan McClaurie,Male,1/1/2010,Canada,canadian,active,expensive
963,Terry Yakubovics,Female,1/1/2010,Canada,srilankian,withdrawn,homesick
964,Rebekkah Poore,Female,1/1/2010,Canada,singaporean,active,academically unprepared
965,Kerr Whistance,Male,1/1/2010,Canada,srilankian,withdrawn,expensive
966,Charlton Branch,Male,1/1/2010,Sri Lanka,canadian,withdrawn,expensive
967,Grethel Towll,Female,1/1/2010,Canada,singaporean,active,homesick
968,Christian Eke,Male,1/1/2010,Sri Lanka,srilankian,deferred,homesick
969,Weston Sydney,Male,1/1/2010,Canada,indian,active,homesick
970,Arther Stilgoe,Male,1/1/2010,Sri Lanka,singaporean,deferred,academically unprepared
971,Jeffry Cloughton,Male,1/1/2010,Canada,indian,withdrawn,homesick
972,Loria Saundercock,Female,1/1/2010,Sri Lanka,singaporean,withdrawn,homesick
973,Gratiana Frankland,Female,1/1/2010,Canada,indian,active,homesick
974,Aldrich Colbertson,Male,1/1/2010,Canada,indian,withdrawn,expensive
975,Alethea Gildroy,Female,1/1/2010,Canada,indian,withdrawn,academically unprepared
976,Andris Bayfield,Male,1/1/2010,Canada,srilankian,deferred,expensive
977,Giles Battyll,Male,1/1/2010,Sri Lanka,srilankian,active,academically unprepared
978,Derrek Carillo,Male,1/1/2010,Canada,indian,withdrawn,academically unprepared
979,Newton Fildes,Male,1/1/2010,Canada,srilankian,deferred,homesick
980,Terri-jo Copestick,Female,1/1/2010,Canada,indian,deferred,homesick
981,Rycca Smallbone,Female,1/1/2010,Canada,singaporean,deferred,academically unprepared
982,Antonetta D'Almeida,Female,1/1/2010,Canada,indian,deferred,homesick
983,Emelina Greenhaugh,Female,1/1/2010,Canada,singaporean,active,expensive
984,Cordie Strete,Female,1/1/2010,Canada,indian,deferred,expensive
985,Saundra Van Der Straaten,Male,1/1/2010,Canada,singaporean,active,expensive
986,Hy Doggett,Male,1/1/2010,Sri Lanka,canadian,active,academically unprepared
987,Sidnee McGilvary,Male,1/1/2010,Sri Lanka,canadian,active,homesick
988,Harriot Toombs,Female,1/1/2010,Canada,canadian,deferred,academically unprepared
989,Cathi Hanaby,Female,1/1/2010,Canada,singaporean,deferred,academically unprepared
990,Morton Caines,Male,1/1/2010,Canada,canadian,withdrawn,expensive
991,Clemmy Ferencowicz,Female,1/1/2010,Canada,canadian,withdrawn,expensive
992,Ric Coen,Male,1/1/2010,Canada,indian,active,homesick
993,Mendy Lashmar,Male,1/1/2010,Canada,indian,withdrawn,homesick
994,Giffard Oxborough,Male,1/1/2010,Canada,srilankian,withdrawn,homesick
995,Nolly Owens,Male,1/1/2010,Canada,singaporean,deferred,expensive
996,Suzanne Lafflin,Female,1/1/2010,Canada,canadian,deferred,expensive
997,Vicki Fardon,Female,1/1/2010,Canada,singaporean,deferred,expensive
998,Kelcie Sutherland,Female,1/1/2010,Canada,indian,active,academically unprepared
999,Rubie Skedge,Female,1/1/2010,Canada,canadian,active,homesick
1000,Idette Weeds,Female,1/1/2010,Canada,indian,active,academically unprepared
